,ID,Screen_name,Description,Friends_count,Follower_count,Tweet_count,Favourites_count
0,1141244468802097154,boSYj5fpAmIFn3d,はじめまして。いかがお過ごしでしょうか。,173,43,42,228
1,1103548121513046016,JNHQdjlX8J8NSuM,ほくだい 25くみ/紆余曲折→北里薬2nd→北大総理→？/ねこばんび,497,638,7341,4147
2,1212798792698695680,sabou_hou,@aramakizakeの新しいのです。,112,22,9,32
3,753066658340536320,Y_K_photography,魚眼レンズ大好きっ子,81,12140,8678,9324
4,1153914005532004352,shiifoncake,カメラ始めて1年と何ヶ月か📷/大学生/風景とスナップ時々ポトレ/kissm→SONYα7Ⅱ/saga→saitama/2019/7/24〜,110,10622,2047,7571
5,1104361937519824896,Totti_D1062,≒Tosh.Daisen(@Daisen_tosh)/リア垢になるはずだったもの（RT多）/UT理学部bioinfo4年(5回生→6回生)/緑会68期B/東大とりけん(3期？)/山岳雷鳥41期,892,515,27141,93320
6,3781739292,Erde_phys7,「えあで」って読む。情報系にいるゆるふわ物理学徒B1。量子に興味がある。水樹奈々さんが好き。TOEICと漢検準1に向けて勉強中。干し芋のリスト↓,3164,2148,50211,94164
7,1169599548307558400,no1_haskeller,"音ノ木坂学院、3年生。各人がそれぞれのプログラミング言語をマスターしている、スクールアイドルグループ「μ's」……のメンバー、矢澤にこニコ♡
Haskellを勉強しています。よろしくね！にっこにっこにー🤟🙄🤟 「No1. Haskeller」それはあなたのことです☆",1723,1326,412,849
8,890430793318670336,c2chem,数学/ほらに中本1,290,394,15165,14602
9,1128858535591235584,sandcat_lab,"大学院で研究してるスナネコです。院ネコともいう。よろしくお願いします。 アイコンは日々を大切にしたいアライさん(@ADHDASD11)からいただいたのです。無断転載は1ツイートにつき267,900円を請求します。  ディスコ SNNK#5014",1046,1029,13994,14466
10,1172816484604579840,fflora72,,3298,478,5,7
11,1212275721382424576,EzumiTakumi,学歴なし。職歴なし。パソコンはYouTube以外ほぼ使ったことないけどプログラミングをガチで学んでみた人の呟き /#TECHEXPERT68期 #駆け出しエンジニア,52,28,40,17
12,1103625161654198272,pikachu_sophia,"上智のピカチュウ！経営B1。Accounting.
TAC。会計士受験生でチュウ！投資もはじめる予定～！",513,489,11177,44584
13,3146096034,falcon_lunch,Falcon punch!!,13687,141926,91990,734
14,1217080125369438210,team_tokachi,春からの新アカウント。【旧：@sho5_sony】念のため言っておきますが写真垢です。ちょれい🤞 #チーム十勝 #sony #alpha,141,492,250,260
15,1071344471508283392,88Masaya,家族を撮るパパカメラマン / テーマは｢日常をちょっぴりファンタジーに｣ / たまに満月を持った作品も💫,125,6809,1879,9990
16,112480180,kingjim,「テプラ」や「ファイル」の文房具メーカー KING JIM 株式会社キングジム公式アカウントです。商品やサービスの最新情報、ささやかな日々のできごとなどをお届けします。ご質問・お問い合わせは、各種サポート窓口にお願いします。https://t.co/BcjtDu62vv,14070,363539,39623,286
17,1964727108,public_ai000ya,"にっこにっこにー🤟🙄🤟
Moggiと''love''で接近中! 「せつラボ」シリーズを執筆中（数学および圏論の初歩入門書）

https://t.co/JegESShNWa / ブログ: https://t.co/LCRc2iwbff / @aiya000",1878,2307,87255,65989
18,264498059,derax8oo,"め

PLCと産業用ロボット",388,109,10745,19664
19,3781739292,Erde_phys7,「えあで」って読む。情報系にいるゆるふわ物理学徒B1。量子に興味がある。水樹奈々さんが好き。TOEICと漢検準1に向けて勉強中。干し芋のリスト↓,3164,2148,50211,94164
20,1217455291622551554,vN89l54GarergzR,ジャパリ隊の砲兵士官のアライさんなのだ。ENTPなアライさんはSJ型指向な群れとは距離を置きたいのだ。　さむいちほーから思いのたけと砲弾をお届けするのだ。言えないことは言わないのだ。ちなみに転載料は１ツイートにつき３０万円なのだ。,296,186,115,164
21,2394707264,sakana3319,仙台育英→だいがく（診放） オートプシーイメージングがやりたくてこの学部を受験しました！ https://t.co/xY6rLwKd3F,760,335,3370,32444
22,1012774148559364096,alse0903,新卒でIT企業に就職→開発の実務未経験で退職→独学でプログラミングを習得→フリーエンジニアとして独立を果たす。未経験からのエンジニア独立ノウハウを詰め込んだメディア【https://t.co/ZI20lMfi9g】を運営。リモートワークで114万円/月を達成。プログラミングは趣味兼仕事。IT業界、プログラミング、フリーエンジニアについて呟きます。,119,4615,2285,2530
23,1123854862603759619,keiji89624686,"札幌東→北大
剣道",65,39,2,172
24,1125246688422064128,monouru_ol,普通の人です/中堅企業の総合職で働く女の日記/19卒/日系メーカー勤務/代理店営業,41,272,500,1168
25,3611048172,ASUmoYAMA,週末はカメラを抱えて山に行きます。 Z6、D750、OM-D E-M1 II 、時々D500。マシュマロ→　https://t.co/0PsaIALUGH,801,4037,21285,56166
26,1219881714136141824,megumisfotogra1,Restart: Instagram will resume from February!,26,117,29,46
27,1209704746191220736,joestar_re,ジョースター不動産株式会社が運営する『ジョースター不動産』の公式アカウントです。弊社は【人生同行院】をテーマに全てのお客様の人生に寄り添う不動産会社です。売買・賃貸仲介・管理等をおこなっています。不動産に関係ないこともツイートします。このアカウントは⭐️と🦍の2名で管理しています。📞029-350-1312,2,563,9,2
28,1169599548307558400,no1_haskeller,"音ノ木坂学院、3年生。各人がそれぞれのプログラミング言語をマスターしている、スクールアイドルグループ「μ's」……のメンバー、矢澤にこニコ♡
Haskellを勉強しています。よろしくね！にっこにっこにー🤟🙄🤟 「No1. Haskeller」それはあなたのことです☆",1723,1326,412,849
29,881080255728844801,ginirro,@Fukuchidaizuの陰気な縮小。ツイートを晒しても基本いいよ。フォロー・リムーブなどご自由に,340,185,23530,67849
30,1153563614684438528,KotoriYuukei,"数学好きなヘルパー。独学してます。
集合と位相/微積/ルベーグ積分/曲率/統計/圏論(ベーシック圏論) 今は、群論(赤雪江)

数学する人を応援したいです。質問どうぞ。
自分用のメモ #小鳥夕景メモ 
#小鳥夕景あとでやるタグ #数学書つまみぐい",172,337,1236,7801
31,1119942330402783234,roraisan,"割とメンヘラのかまちょなのだ　アイコンはラィさん🐾(@raisearai)が描いてくれたのだ！　一番のお姉ちゃん→@zyukoibaru　アライさん→人狼垢→放浪垢→なうなのだ
↓干し芋なのだ、コンビニ受け取りだから配送完了メールきたら教えてなのだ",294,261,542,424
32,1141244468802097154,boSYj5fpAmIFn3d,はじめまして。いかがお過ごしでしょうか。,173,43,42,228
33,1175695152259555329,SutehigeJ,ステチル/高2だけど高1/基本フォロバ,1209,822,2799,15114
34,1121759253335662592,Sap_brain_uni01,神経科学、AI、心理学etc.脳に興味がある札幌の子達が入り混じりアイデアを共有していくオンライン組織。現在メンバー49名(内顧問2名)。入学条件は２つ、「脳に興味があること」と「校長の知り合いであること」校長:(@Galipaja3_Bbro) 興味のある方はDM等でご連絡ください🧠,171,99,218,144
35,1101649296414277633,tenshoku_metsu,素材メーカー勤務,235,950,2445,9693
36,3411159024,02ESyRaez4VhR2l,ペーパークラフト大好きな大学生の制作アカウント お菓子等の空箱で色々作ってます！Youtube アカウント作りました！https://t.co/LF8fRuxOCv,272,437134,1010,10243
37,11879022,tchebotarev,Team Luminar. CGO @SkylumSoftware. Previously founder of @500px. 少し日本語・中文・Eng・Рус 👋,705,7208,37497,6634
38,23961087,CellSignaling,米国Cell Signaling Technology社の日本法人CSTジャパン株式会社。リン酸化抗体などの高品質の研究用試薬、的確かつ迅速な技術的サポートをご提供しています。抗体/サイトカイン/ウェスタン/免疫染色/フローサイトメトリー/免疫組織染色/免疫蛍光細胞染色/ChIP,569,7451,2294,118
39,847315328744865793,_uts2,私は健康な真空 / 無学徒 / 人生の有限性 @3may1997,1129,1236,31461,66025
40,1158031999887523843,emma_emma_dayo,ただの中学生です/やりたいことがたくさんあります/私は虚飾の村の平凡な中学生！ 明日のご飯は@ururu_draenei/ヘッダー→@vane11ope,188,133,3332,18644
41,2449619606,mikorin2359,東方サークル秘封茶会をつくった霊夢大好きお兄さん。音ゲーは京音所属。SDVX⑪mai皆伝ウニ14,6205,5656,194533,283538
42,1219526428154155008,shoes_arai,靴が好きな靴イさんなのだ！足のサイズは23.5cmなのだ！ダサいと言われようと厚底が大好きなのだ！,48,86,25,12
43,1103548121513046016,JNHQdjlX8J8NSuM,ほくだい 25くみ/紆余曲折→北里薬2nd→北大総理→？/ねこばんび,497,638,7341,4147
44,989880640035176453,ma_komaba,Anigamin'/UTMSの落ちこぼれ/5以下の弦からなる楽器はだいたい弾ける/烏丸さんいつもありがとう(アイコン)/高度線形代数人材/高度微積人材/高度多様体人材/高度トポロジー人材/高度微分幾何人材/高度表現論人材/中度マネジメント人材/低度クソリプ人材,247,206,32942,6687
45,1215466179730399232,to_kyotodaigaku,東大はおもろい 京大おまえは？ 東大生さん仲良くしましょう！ (なお東大＝帝大なので旧帝大みんな東大という認識です),389,410,663,365
46,1219399194,Orange_CWK_S,CreativeWorks昆布の物書き、Orangeのアカウントです。,10,19,2499,93
47,1168388072318197760,kikiprio1,39歳 インフラ系SE/SI　しまねで写真を撮ってます・カメラ・Apple,45,33,50,58
48,963814152677466117,February__XoX,"18歳、できないなんてことは無い。
お仕事ください。",99,23186,5389,31337
49,2986368926,wogu26,怠惰な猫です。,563,727,26097,59941
50,1215278330112397314,maririn_4617,20↓￤愚痴垢以外に鍵垢が欲しかった￤日常垢かもしれない￤これ以外書くことなくね？,26,15,30,3
51,1112989464786173952,git_hubshojin,選択 集中,1094,699,14719,3803
52,3191990324,rityo_math,"UTS1 B2 meipのip (内定) / 現在&過去の所属団体・本名ダメ / TODO:LTX打, NuAn, 某チュー, 反例, note, 最数電計量1DVIII統",1776,2447,19252,94834
53,3781739292,Erde_phys7,「えあで」って読む。情報系にいるゆるふわ物理学徒B1。量子に興味がある。水樹奈々さんが好き。TOEICと漢検準1に向けて勉強中。干し芋のリスト↓,3164,2148,50212,94165
54,1202749182521397248,shogyomujodesu,負債学部出身　,386,34,14,232
55,1154216693188534273,jZ6hIorrHzmELhg,皆さん気軽によろしくお願いします⤵歳もとり一人でいると無性に寂しくなりました…両親とネコ３匹と暮らしてます。色々な身体の悩みがありました、今も。自分みたいな最低の人生の人はいないと思います。全て無に近く寂しさと孤独のみです。親にすがってただ生きてるだけです…浦島太郎状態です😢 #広島県民と繋がりたい #睡眠の病気？,196,850,4525,21068
56,1141222298344493056,FaJpjlA0jbEVORB,とんだりとばなかったりする,40,37,1463,2229
57,1091311402621460481,jikkoshienkun,転職エージェントで働いています。メーカー周りの転職・働き方・恋愛についてツイートします。 【質問したい方→】https://t.co/9AjRbGvcxr 【相談したい方→】https://t.co/M6e46iyk99 ※メーカーにお勤めの方限定,134,779,685,415
58,1368786174,hack_three,"猫の写真ばかりとっています。
今年は猫の心暖まる写真や猫の家族を中心に写真をあげていきたいと思います。猫の写真集だしたいです。

使用カメラ：Nikon D610 無言フォローします。",582,835,1502,10066
59,137857547,yousuck2020,Love the way you work. Enjoy the way you work. Hoping for everyone’s happiness. 皆さんが好きなことを仕事にし楽しく働けますように😊世界が平和でありますように☮️Instagram→ https://t.co/56LT2VNreM,76,7217603,4950,147
60,1181493162591653888,NOISIE_net,NOISIEは、口に出せなかった小さな違和感に光を添えていくWebメディアです。,300,352,100,274
61,1159861785932922881,nukvich,某都大学大学院。政治学。,2824,1785,2030,0
62,1159405489265844225,chekyu_,"カフェイン中毒からの脱却☆




彼女→@sAyanamirei
クイズ垢→@kkyo_quiz
縮小→@tsukitochekyu
お勉強→@chekyu_study",526,431,6591,8832
63,2447072790,korotanyey,無学 / 芹澤優ちゃんが好き / 🎓→@realPianta,381,301,21919,43509
64,1209010365532536832,Kari_gokko,泣かないで,3431,1781,249,2988
65,1212798792698695680,sabou_hou,@aramakizakeの新しいのです。,112,22,9,32
66,4788613854,38mtst,Japan Resort Inc. CEO／age 30／京都でブティックホテル&飲食店を運営／日々、経営する中での学びを発信しています／撤退寸前カフェを引継ぎ売上3倍／ホテルプロデュース&運営／嵐山でジャンクを流行らすべくハンバーガーレストラン運営／仕事と動物がこの上なく好き／保護猫2匹と生きてます🐾,100,218,358,3269
67,2522488327,hokudai_kamen,東京大学 教養学部 統合自然科学科 統合生命科学コース 3年 / B4UT / 多浪交流会 / FUJIFILM X100F,1906,2611,32874,33139
68,462584388,yk_sales,安政４年創業、歴史書出版社　吉川弘文館営業部の公式twitterです。中の人たちが好き勝手に運営しています。新刊・重版などの情報、イベント案内、ときどき小ネタを発信します。お問い合わせなどは、お電話／E-mail／HPの「お問い合わせ」より承ります。  http://t.co/KxcNIBBR1B,1025,9884,29362,10617
69,1429984261,___koshi,Nikon D850 age.22 風景写真が好きです🐋,266,1070,11345,19251
70,1170513325664288769,PhotoTakeshi,Tokyo (17) / 📷sonya7ⅱ,24,39,40,239
71,2995784497,misty__1999,競プロ以外もやる マグロ,6462,7609,84998,260787
72,890430793318670336,c2chem,数学/ほらに中本1,290,394,15165,14602
73,713193089490235392,eriho43,"mkn68→opucs4(1G)
https://t.co/9KQy2nlZ94
学び続ける意思ねえ",2062,1309,11316,42555
74,3171577495,KoshibaRobin,元KQS/Qさま‼高校生学力王4位/ks45→53→63→駿茶3号→早稲田政経/第72代青組,238,228,766,264
75,1215096298472263680,ocarina_cat,オカリナ吹きのスナネコです。通称りなねこです🐱ウクレレもひきます。スポーツもいろいろしてます。KingGnu、Official髭男dism、米津玄師が好きです！ ※たまに素がでます。アライさん界隈の住人です🦝,334,292,579,1274
76,1090136724695482369,shibuimaru_5,n=4 質問箱https://t.co/6Br81yY1om,741,583,1047,194
77,737296927973203968,foufou_marl,「健康的な消費のために」という姿勢で服を作っているファッションデザイナーだ！,420,25336,4217,9458
78,2280885108,KYOTO_SENSE,京大の魅力を伝えるメディアサークル「SENSE KYOTO」です。京大関連の記事をWEB上で発信してます。更新情報や記事などを呟くので京大生もそうじゃない方もフォローを！Facebookページの「いいね」もぜひ！ 新メンバー募集中です！！取材依頼やお問い合わせはsense.27.sense@gmail.comまで！,1582,1150,1173,111
79,8733162,Beriya,生　涯　反　動　だ　も　ん　で,973,3174,40882,32637
80,952836147155054592,Koju_photo,α7III/jeep wrangler/snowboard/camp,210,563,3344,10500
81,1160822736077217792,0q_xney,▲フォトグラファー。▲Webメディア「DopeZine」@dope_zine の編集長。 ▲日々オールドレンズで撮影したストリートスナップを中心に写真投稿しています。 ▲instagram: https://t.co/7fn4kz0VcR ▲note: https://t.co/jdc1ypKGK4,140,2309,1969,3161
82,970637290945986560,AR4i2k6u2t5o,東大2年💡/宅浪💭→理科一類⚗️→経済学部📖/お喋り好き👬/趣味:🎹と🎤/サークル:🎾と🏂/塾講師👨‍🏫/思いやり😊とユーモア🤣を大切にしてます/多くを与えられる人に/感謝される人間に/無人島買いたい🏝,920,963,40,1054
83,1132355864663171072,Hq2daDA2LkvJjOY,某海藻が物理をする垢/西の方の大学にいる,229,105,1623,1386
84,967276136458698752,Eleregi_null,"斬り捨てられた方の自分
自発""ほぼ""なし
積極的消極的運用",1774,915,16020,32656
85,968032759745622016,ohen2520,gf141st→uts1-8🇮🇹→理物B2/量子情報班/GUT/ホノマラ,712,1050,3954,17483
86,1124492123984650241,reitou_umee,受験生なのにお布団に引きこもってるアライサン。,143,57,4824,12066
87,816062813672083456,qa9O5NgCgPPaAgN,,95,63,387,460
88,1137350041020952578,TheGrayGray885,"大卒非正規底辺野郎。大卒後もレジを打ち続け、1年間、物流会社の通販事業部に務める。その後同じ業種の会社に転職するも1週間でクビ。再びスーパーに舞戻り、印刷会社の幽霊と化した。

幼少期からあまりに不器用すぎたので、診てもらったら発達障害グレーゾーン、要はただの『無能』というのが分かりました。",183,235,1259,2234
89,851457662168387584,pawiitra,前原中/専大松戸/駿台津田沼SP/千葉大学/園芸学部/果樹研究室/弓道部/青年海外協力隊/大田市場/園芸試験場/県庁/市役所,1872,2055,1719,2780
90,292907264,lilicalprese,ゴーイング奥サーン 夫婦は継続事業体　#恐妻共済　,294,13007,26744,10667
91,3247270494,Hmanabe2,滋賀を拠点に日本全国の風景写真を撮影しています。星空、動物撮影が好物です。 東京カメラ部10選2017。 お気軽に絡んでください。 📷 SONY α9、α7R III ■Facebook https://t.co/0KHYAoHBMi,257,5361,3541,7514
92,752545281221095424,AestheticsJapan,"Posting Japan scenery, art, and more! #HumanityFirst",121,258463,2042,639
93,900487228966617088,tomotomo06123,水泳を愛す社会人、元スポーツクラブインストラクター🏊‍♀️水泳歴23年以上🏊‍♂️全国大会にはよく出てました。仕事でもスポーツでも心技体の重要性を感じブログを執筆中。心を鍛えて毎日笑顔になれる人を1人でも増やす為に活動をしています✨,4900,3935,776,4642
94,3256620086,tamasukon,B1 / 推し→@Rakuten_Panda / #今日のCoq /脱二度寝 / 勇往邁進/ #spm21st モデル理論班,801,350,11324,30511
95,1030359575570989056,Dorothy_South_,大物YouTuber→@JKaruaruBOT,306,153,9932,773
96,1194894166024572928,purupuru_puru_,ぷ,20,17,10,10
97,3007809169,bagu_balu,わーい！食欲が果てしなくて不眠症治療中で性欲が抑えきれないサーバルだよ！私の三大欲求どうなってるんだろうね！ふしぎー！一般的な恋人とはちょっと違うけどパートナーとしてのかばんちゃんがいるよ！たまにメルレで小銭を稼ぐよ！転載料は1ツイート50万円を請求するからよろしくね！⚠性的なツイートがあるよ！ミュート等で自衛してね！,49,67,213,329
98,1135796661161119744,jukenwwww,毎年多浪記録を更新している嫌われ者 /陰口でしか自我を保てないだカラ常に誰かと揉めてる（ρ＿； ） /匿名でしかイキれないだカラ / ビックマウスけど国立後期すら落ちる学力し /性格悪くて嫌われてるケド嘘と悪口やめられないンゴねぇ(´-ω-`) /オヂサン多浪生が受験の落ち方のコツを伝授( *• ̀ω•́ )b,456,190,2,9
99,1051419645901660160,J7Srn,死にたがりの生きたがり。バイト代はIBSの整体と古着に溶かしてる。 服は命。何でかって？ 着ないと公然猥褻になるからさ。ほぼ毎日ブラックファッションで街に出る女。,594,442,1046,1931
100,1178167360361943041,Ochimodo_34,"千葉東  山岳部  →  北海道大学  文学部  応援吹奏団 1年目　　

北の大地で気楽に学校生活中(📣&📖)
無言フォロー失礼します m(_ _)m",166,91,191,1668
101,903522911809486848,jiuguishixuan,思わず酒を飲みたくなる漢詩の一節をつぶやくbotです。古代の詩人と心で杯を酌み交わし、日々の酒を美味しくしましょう。追加したい詩があればご連絡下さい。現在のヘッダーは西湖十景「三潭印月」です。,2015,2050,5107,19
102,2991124760,Takashi_LF,🔴1/14〜2/1：MEGUMI OGITA GALLERY 銀座写真展🔴 2020 限定ポートフォリオボックス発売 🔴「日本でいちばん美しい富士山」カレンダー販売中⭕️🇺🇸National Geographic Traveler表紙⭕️MdN写真集表紙⭕️SWPA日本3位 ➡️仕事のご依頼は📩,264,2304,2438,12537
103,989817841271504897,c_flat_text,"snap/portrait撮る人 @tokyo 特に意味のない、感情にうったえかけ(過ぎ)ない写真を。
一緒にモデル、ヘアメイク、スタイリストとして作品づくりしてくださる方気軽にお声かけください✋

https://t.co/lD6TwZwN8M",380,2537,11507,23550
104,1109663637071757312,syc_official_,こんにちは、湘南ユースクワイア(SYC)公式アカウントです！湘南地域を中心に活動している合唱団🏖🐠主な活動日は日曜日、勢力拡大中🌪🌪,383,353,115,89
105,990561037010153472,oz_ma33,"童貞お絵かきマンです。童貞にしか描けないものがきっとある。🔞
ファンティア　https://t.co/IIwqldULu9
日記　https://t.co/dyKcS6l1v7",218,40667,620,388
106,1166270456099295232,accesstothenull,eeic2019 競プロ AtCoder(dividebyzero),333,190,597,1875
107,972488274001342464,watachun4,数学 / Perfume / 自転車 / 湧源 小鳥のように囀ずっています。,225,145,23822,19081
108,1188750563921383424,nazeisan,去年の５月ごろから勉強ができなくなってしまいました。原因はわかりません。本を読んだり絵を描いたりできるようにはなりましたが…ヘッダーはかばんさばーどさんに描いていただきました！,580,591,3490,5596
109,783214,Twitter,What’s happening?!,1,57092530,12818,6389
110,3143283955,a_lonely_R,"ぼっちってわかる人しかフォローしてないので、フォロー返して欲しい方は言ってくださいm(_ _;)m
・普段強がって吐けない弱音をツイートします。
・なんでもDMやリプ（返信）お願いします。


僕は男です。

「https://t.co/a9CMR3Cudlアソシエイト」利用中
質問箱再開しました
（匿名でメッセージを送れます。↓）",227,309,1382,5813
111,863397297287159808,k_kamisou,北大文言語② jazz研会長tb ベルギージャズ　　　　　　　　　　　　　　　　　　　　　　　　　　　　　　　　　　　　　　　　　　　　　　　　 恵迪寮E2「全寮一面白い男の部屋」,814,884,4299,22819
112,3561931998,oldpicture1900,"主に戦前～戦後昭和の懐かしい写真を貼っていきます（脱線も多々）。 人を中心に、当時の暮らしぶりが分かるような物を挙げて行きたいと思います。
出会い業者さんなど以外は基本的に全員100%フォロバさせて頂いてますが、最近フォロー上限規制が厳しいのですみませんがお待ちください。",92578,117923,9506,48014
113,851040615789862912,yuta_ooseto,Landscape Photographer  📷SONY α,202,3150,6911,16010
114,818091150141583361,s_oly01,Photographer based in Tokyo 👩‍💻📸 日常のきらめき、絵になる瞬間をキリトリます。 季節の瑞々しさと、都会が好きです。Sony α7iii,187,3678,6433,28090
115,1219938017235746816,tsubonoir,鬱とか、不安とか、贖罪とか、愚かさとか、性とか、欲望のかたまりとか、まあそんなところ。そんなとこ、見たいの？,55,55,85,50
116,365352728,dotinstall,3分動画でマスターできるプログラミング学習サービスです。お問合せはこちらから！ → https://t.co/VDGvQ7n7IU,10041,14451,1034,2038
117,998222287525494784,BrernssNot,KU M1 | 生体分子の計測屋 | 非線形光学と量子論・物性 |,566,738,23252,83859
118,4694011080,Ryo_214k,ZMS🌻33 ／ トプ画はもず先輩から,119,135,119,290
119,1131042553812332544,1rou_arai,某動物擬人化アニメとは関係ないのだ。BL好きなのだ。今は一般垢とア界隈の中間なので嫌な方はブロックしてほしいのだ。,771,638,168,2045
120,753066658340536320,Y_K_photography,魚眼レンズ大好きっ子,81,12140,8678,9324
121,895116254159052800,Utsuno__,鬱病の会社員,246,783,14932,104052
122,1166329931934003200,MatchingStudy,スタマチは北大生限定の学習用マッチングアプリです。「勉強仲間」「趣味仲間」を作るために活用出来ます！iOS/Android両方リリース中です。このアカウントでは、アプリの使い方、マッチング状況、最新情報等を発信していきます。スタマチで「学びのシェア」をしていきましょう！,839,311,523,238
123,2727959508,keiriplus,経理プラスは経理担当者様向けに、日々の業務のプラスになるお役立ち情報をお届けします！メルマガ会員募集中♪　https://t.co/F9SyaEiWw5,973,998,906,65
124,1029551973689778176,naoya_foodlab,作家、料理家。本を出したり、取材したり、料理を作っています。新刊『新しい料理の教科書』(1/17日刊行)が発売中です！https://t.co/3c6HsUoBwz,218,11446,2209,4926
125,2591402142,d500taku0711,出張先で僕が好きなものを撮っています,725,2580,23794,35046
126,2538651966,sibirerucake,だいたいにおいて底辺から数えた方が早いOL,0,143359,1835,0
127,1122661852045959169,quantumdot1211,京都大学で物性実験の研究をしています。理論計算もやります。理学と工学、光物性物理学と量子光学の狭間に興味があります。クラシック音楽を嗜みます。博士課程進学が決まりました。,279,182,14698,13602
128,348960284,heat_exchange,読みは“ひーと“。某高専卒業生。最近はTwitterをトレード日誌代わりにしてる。お気に入りはつぶやきの保存のため行っています。,1495,785,91465,5466
129,3151169058,S__m5o,空リプばっかりしてるみつきさんです,4,5,227,234
130,1207075155953930240,youya_Ha,"凍結くらったので、リマスター版です。前までよりマイルドになれるといいなぁ
R-18要素強めなので、高校生以下はなるべく回れ右",65,44,2776,2274
131,1153914005532004352,shiifoncake,カメラ始めて1年と何ヶ月か📷/大学生/風景とスナップ時々ポトレ/kissm→SONYα7Ⅱ/saga→saitama/2019/7/24〜,110,10622,2047,7571
132,968451800104812544,hai_42,"　#ˈ⃢ˈ⃢ˈ⃢ˈ⃢ˈ⃢ˈ⃢ˈ⃢ˈ⃢ˈ⃢ˈ⃢ˈ⃢ˈ⃢ˈ⃢ˈ⃢ˈ⃢ˈ⃢ˈ⃢ˈ⃢ˈ⃢ˈ⃢ˈ⃢ˈ⃢ˈ⃢ˈ⃢　ˈ⃢ˈ⃢殺ˈ⃢ˈ⃢ˈ⃢しˈ ˈ⃢ˈ⃢ˈ⃢ˈ⃢ˈ⃢ˈˈ⃢  　ˈ⃢どˈ⃢うˈ⃢もゴˈ⃢ミˈ⃢でˈ⃢ˈ⃢ˈ⃢すˈ⃢

　　　
　　#ポケモン剣盾　　　　　　　　　　　　　　

　　　　　　　　　　

　　　　　　　　　　　",771,855,5645,103420
133,870281092422443008,ktytntr78,近代建築。内観見学できるもの中心。 林愛作とFLライトと弟子たち。博物館、資料館、たまにおえかきとtrpg。つくったものとかいたもの→https://t.co/P2i4AyIcDo,194,555,629,1708
134,1003625395550236673,JKK_5S,電機メーカー1年目/部品を調達するアカウント/田舎で暮らそう/ブログ始めましたhttps://t.co/UfUIKQfqLI,355,3757,16946,2090
135,592506046,Akira_TAKAUE,"✨個展 Sony Imaging Gallery 2/28(金) - 3/12(木) ╞ Fine Art Photographer【工学博士, 一級建築士, P.E.】🏆IPA連続1位/グランプリ他・受賞多数 | TIFA国際審査員 | 世界の都市風景, 建築, 橋梁を撮影",310,9188,1609,6089
136,1168097503792660480,s2aw0825,https://t.co/eLYf8SwY4s,24,418,7,55
137,1035470327059378176,anpirika,東大理一🇨🇳 AtCoder 茶 575指摘 滝 将棋垢→@anpirika_shogi,3563,3427,7689,87853
138,2332978009,tkm_cham,"お絵描きしてます。修行中ですゆえ。
[sub] @tkm_nyan 
[mail] tsukumokawaii@gmail.com",32246,79820,10553,17675
139,1032174276453920768,Haruka2003_exe,0x10歳 ただの人間には興味ありません。この中に、ロボカッパー、Pythonist、機械好き、プログラマー、オタク、超能力者がいたら、あたしのところに来なさい。以上。,1068,1028,5731,24006
140,1202200267820695553,meteor____7,†悔い改めて†,113,75,7017,16524
141,1063680282501365760,66nanometre,"私らしく生きている享楽主義者 h+
Feng shui☯⛤, Kirby, shrine⛩, meditation, Yo-ga, 純粋知性科学、素粒子物理学が好き",41,41,1738,1799
142,4430612772,sen70725k,パワポケとひなビタ♪とデレマスとDDLC／個人小説サークル「ポケットサナトリウム」「Impatiens」https://t.co/ZPMWvaiGY8 高森藍子担当154SEN.P『Alley Cat Cafe 表参道店』／ノンバーDDRer／B4UTインカレ,1122,836,86612,78751
143,2829495248,aili_1001,Official Twitter 女優してます。#ミスマガジン2018 審査員特別賞 / CM「鹿児島銀行Payどん」 / MV「プレゼント/天月」「First Sight/UVERworld」/ 朗読劇「いつもの帰り道」丘咲美優 役,72,9302,3565,6319
144,1211231810157346817,PUQREAL,@PQRIN の リア垢というか縮小アカウント エンカウントした事があり相互認識しているであろう人と繋がります そんなに呟きません,225,219,42,15
145,58459939,daihiko,社会的文脈における意思決定を専門とする適応論的社会心理学者 (進化心理学者と自己紹介することもある)。全てのリプライには寄り添いを含んでいただきます。ツイートはR18指定です。国境なき犬もふ団団長。,961,7031,197291,8799
146,834271340907491329,churio8obird,SKE48高柳明音の鳥が好きすぎるが故に作ってしまった裏アカならぬ“鳥アカ”です。沢山の鳥好きさんと鳥の輪広げたい！と思い作りました。鳥の写真を載せてる方無言フォロー&ファボしがち。無言フォロー大歓迎です//BLA三級保有 #高柳家とりふぁみりー,313,15603,509,10307
147,884658094558531584,satoyaeki,さとうやえき/俳優/舞台/映画/MV/被写体/⬇︎インスタはフォトアルバム的な⬇︎/【仕事依頼はDMにて】,239,256,837,2254
148,980112394830561281,accccompaniment,声楽の伴奏をはじめ、器楽やオペラ、合唱伴奏等アンサンブルを中心に活動しております。演奏依頼、ピアノの出張レッスンも行っておりますのでお気軽にご相談ください。連絡はDMかginntok@gmail.comまで。昭和音楽大学伴奏研究員(オペラ・声楽),1416,1447,3563,64029
149,3274098889,pastell1203,都内の学生(B2)です𓃻 物理や数学を勉強中。。。。勉強垢ってやつです。わからんことだらけ。学問以外についても呟きます。東方Projectが好き𓃟,56,25,40,68
150,3301208119,haruocode,フリープログラマー。大阪コード学園というYoutubeチャンネルを開設してますので、よかったら見てね。,1430,686,1433,221
151,1156019898478317569,snslage,"北大工学部😇仮面😇1年です。パズル,謎解き 認知科学, 理論物理学に興味があります。特に量子統計力学,重力理論。受験垢。本垢→hp",601,274,679,2959
152,1185222021996634112,kurohakase_neko,なぜか猫耳が生えたくろはかせですよ／不安定感情制御不可／解離性同一性障害⚠️／戦闘狂／リプえっち大好きな性獣⚠️／人性劣等／なにもかも嫌になるけど自分のやりたいように生きたい／ｱﾗｲﾈｺﾁｬﾝでは吐けないドス黒いこと吐く／博士とは別個体／フォローはア界隈なら基本返すのですよ🦉【羽金組若頭】,184,146,4155,3950
153,1189693824441806848,Katzemof,"「ねえねえ、あの子めっちゃもふくない？」「ホントだあ～、私声かけちゃおっかなあ…？」

みんな噂するもふもふ。@KT_Codeのサブ垢。",261,250,2709,3214
154,1187517058394673152,MANURUNEKO114,童貞芸を見抜く目を磨いてます,625,1032,1070,21875
155,2779662181,fs_9_15_km,絵を垂れ流すだけのアカです。  pixiv→https://t.co/4wRwcrDBks BOOTH→https://t.co/lqY3d4bQnY リクエスト→https://t.co/YcJ53ZmSp4,49,1020,849,6575
156,264135316,obashuji,週末ヤマノボラー,564,7969,554408,14559
157,189893767,saizou4,島根カメラっ子倶楽部10選,142,14059,92989,41171
158,1144065311114534912,aspr_802,壁を撮る人 / ミニマルとスナップが好き/Canon SX720 HS,64,811,2672,8191
159,1154960967442190337,milkpuddinging,ゆるふわだよっ☆82kcal85g120円(税抜),19,19,203,129
160,843864565716664321,qmmm_f,高専→理化→院工化 分子科学 量子化学(理論化学) M1になりました vim派 実はランダウの方が好き,294,276,1394,7988
161,756403246428815360,harady_a_human,"icon: @V_Melville /N.D.74/JK1(男子校)/競技プログラミング(C++ AtC 青(1922) CF 紫(1924😡) ID:harady PCK'19 7位(α-Dreamy) JOI'20 本)/応用情報技術者/npca/ほぼ引退提督/BF4,1,V/R6S/🎻",1327,1065,29946,86412
162,1004628181104525318,ageprocpp,"kaage/全統小決勝/TK72(中2)/1-Cデコ責/競技プログラミング/ID:kaage,ageprocpp/Atcoder黄/卓球/Paken2019主将/生徒会副会長/2-Cデコ責/2-C弁士/ロシア語/数研2020副部長/JOI'20本選/icon:@V_Melville Qiitaで解説記事書いてます",1411,1581,16666,44525
163,1194917630320103424,SandCatMaria,"黒髪超ロングでツインテールでメンヘラゴスロリスナネコです
永遠の19歳で鬱病でカトリック求道者です
マイペースで変わり者だからよろしくね
たまに毒吐いたりや悪のりするから注意してです
アニメやイラストやドールやロリィタとかも好きです
お絵かきや模型作りしたりするです
無断転載禁止
無断転載したら1000万円頂くですよ",790,616,13784,26527
164,1166270456099295232,accesstothenull,eeic2019 競プロ AtCoder(dividebyzero),333,190,597,1875
165,816671598,kakusei123,君を思い出せばしずくが飛び散りそうだ,372,978,1551,11678
166,1007517954555035649,hello_hokudai,"大学生、大学院生限定のCo-creationスペース『HELLO,VISITS』。共創をテーマに色んなイベントを行ったり、東京のHELLO,VISITSから生中継もします！
FreeWi-Fi📡Free電源🔌:/Freeドリンク🥤をご用意しています💫",1358,843,138,37
167,74674685,nabe1975,頭ゆるふわおじさん。,679,10934,115125,5124
168,939586735826194432,team_aichi_2018,,15,11,28,24
169,952429738064191488,zaki_3_0257,夕陽と雲と空が大好きです / 長崎 /カメラ Canon EOS 6D / 加工はLightroomを使っています / 夕方に投稿してます / 新海誠監督にフォローして頂きました / いつか写真集を出したいです。https://t.co/InPrswjJbz,503,74137,1989,3301
170,99205624,sugargroove,Protein Crystallography and Enzymology at UTokyo 🇯🇵,1096,1496,10227,2447
171,1211203574698401793,sai_for_engine8,B3です。,305,38,45,380
172,4080278173,Hdz06052373,数学とプログラミングを勉強中の学生です,868,303,45,1875
173,1194895677681065984,eNwHuByo513bJ1e,T大S科二年ン,29,27,55,51
174,1104668310967279616,Nadarai_san,アイデンティティも無いし友達もいないのに何も考えず変な大学に入って更に辛くなったアライさんなのだ 女装したい欲求が凄いのに実行力が無いせいで未だ未経験で、どんな事に対してもやる気を出せない自分が本当に嫌なのだ…／質問箱→https://t.co/EvPz36H85y,1306,911,663,3623
175,1206152426681618433,Lewis11952487,Have a nice day!,205,33,448,780
176,1095617208506433536,CV_abcde,ステチルの陰キャラ高校生,1280,1360,2737,14410
177,1145887379762270208,MoekoKimoto,北大/教育/4年 写真を載せようかなと思います,249,213,50,245
178,916952625492377600,DrKazz,歴史学者。専門は日本古代政治史、古記録学。 国際日本文化研究センター（日文研）・総合研究大学院大学（総研大）教授。 1958年、三重県津市生まれ。 1983年、東京大学文学部国史学専修課程卒業。 1989年、同大学院人文科学研究科国史学専門課程博士課程単位修得退学。1997年、博士（文学、東京大学）。,11,1193,1260,1074
179,213213134,KyonkyonJin,"✈️Travel Lover 🐶Dog Lover 🇨🇳🇭🇰🇯🇵🇺🇸Speaker 👩‍💻Full-time OL 📘PhotoBook ""GRACE OF LIGHT"" 📷個展Amazing Moments/Grace of Light",86,1644,650,1168
180,850134721199652864,akira1027_photo,水族館フォトの人。📷→d750 ポトレ･ライブ撮影のご相談はDMまで,291,5784,26791,25100
181,1004547658092933121,nest_wing,"【データを活用して世界を笑顔にする】
データ活用とBIツールを愛する人のためのコミュニティ「nest（ネスト）」公式アカウントです☺気軽に参加できるイベント情報やMotionBoardをはじめとしたプロダクト情報を発信中。毎週水曜日は #データ活用の日 ハッシュタグで、日々の生活に役立つデータ活用ネタをシェアします💡",1393,1362,5994,8911
182,1218040235461734401,mopimopiland,物理勉強垢/がんばります,63,26,5,2
183,998140034627731456,Hello_World_Stu,りゅうです // 地方大学情報系B3 //,624,382,981,3082
184,3017340654,toppo_toppology,Ehime Univ.B2 来年から北大数学科B3 🇫🇷 ときたまルービックキューブ 1/3/5/12/100=11.36/13.85/14.70/15.80/17.73 牛丼屋は吉野家を信仰してます,1291,910,90815,152083
185,1632712338,araisan_gid_mtf,SRSしたいし法律系資格も取りたいのだ。SRSはオスのせーきをメスのせーきにする（逆も）手術のことなのだ。プリイさんのプリはプリキュアのプリなのだ。ISTJなのだ。フォロー＆リムは自由なのだ。無断転載1ツイート100万円なのだ！資格予備校の授業料、全身脱毛、SRS貯金と用途はたくさんあるのだ！,2634,1760,3858,14455
186,1104361937519824896,Totti_D1062,≒Tosh.Daisen(@Daisen_tosh)/リア垢になるはずだったもの（RT多）/UT理学部bioinfo4年(5回生→6回生)/緑会68期B/東大とりけん(3期？)/山岳雷鳥41期,892,515,27142,93321
187,1147844956888764418,sutehageNEET,未開拓ち○こ,1300,1414,4492,19527
188,1209017780525125633,sagakoh,前略、後略。,525,406,3320,29256
189,60320929,hamukazu,ソフトバンク株式会社。博士（情報理工学）。修士は数学（代数幾何学）。にゃーんと鳴く狂犬と呼ばれている。DMは全員に開放中。  著書「機械学習のエッセンス」：https://t.co/pzfvvcPpIS 、監修「機械学習図鑑」https://t.co/GliV6hTWJJ,2415,14284,133800,102062
190,324818592,kk_photograph_,秘伝奥義会得よりもレタッチセンスの会得を優先してます🧘🏿‍♂️,337,344,35471,2872
191,1051497963913019393,lol_hime_,街の風景を中心に撮っています。,98,3456,2666,5829
192,974202454970572801,ulonolowni3,UT B3 理2の19→生情 かつてはIBOなど 大学のことの進捗と授業の実況くらいしかつぶやくことなくね？,118,116,864,601
193,1111185929761222656,kmnm210,物理学科B2(のはず)。ツイッターも物理も素人。脱素人目指してます。,78,29,94,282
194,3172220719,hdykfti,まったり  スプラs勢,438,663,798,426
195,119710810,dominos_JP,"ドミノ ・ピザ公式。Twitter限定のクーポンやネタ発信中！
TikTokはじめました→https://t.co/2pUVTE9ZoA
店舗・商品などに関するお問合せは、カスタマーコールセンター0120-838-204（午前11:00~午後8:00）で承っております。",27697,402307,1567204,3259
196,1184828122866126850,F05173209,F欄大は日本の悪性腫瘍,1,6,37,11
197,2400020514,_amasawayuika_,"ks,UT(S129,PE,GSFS),Swimming,Puyo",509,401,18581,6193
198,834951775484428288,yoikomm,ok→wsd 仏文 びけん,683,620,11197,21677
199,2229210211,PQRIN,通り名：うさぎorプクリン(♀)/北大グルメ情報局(@POQRN/@PEQRN)北大グルメEXPO優勝/ふるよに全国大会16位/一撃論理(@Ichigeki_Ronri)創始者/ポップン・キーマニ・ノスタルジア/ロマサガ/ダンロン/メダロット/星のカービィ/遊戯王/北大人狼サークル(@HU_zinrou)/TRPG,1886,2304,86617,84984
200,336480031,syakuji_inusaku,いやーもう十分堪能したよ…(社畜6年目),144,117,4496,310
201,941295526569324544,hazuki_hirai,sony a7RⅢ/a9/Hokkaido.Japan/風景、動物,148,403,868,2169
202,878743546349502464,photo_187,写真を撮る人。スナップ、風景、記憶に残すため写す。Canon EOS Kiss X8i / OLYMPUS-PEN EE-2,230,1638,11338,44852
203,705237576425168897,illuminakk,イルミナの革新的なシーケンスとアレイテクノロジーは、ライフサイエンス、トランスレーショナル研究、消費者ゲノミクス、分子診断の分野において画期的な進歩を支えています。,8,1389,200,48
204,966339124989865984,Hige_Youkoso,髭でーす 情報科学出身/音ゲー/Python/Haskell/Julia/数学/解離性同一性障害/競プロ/相棒/けもフレ コウテイ カバ アルパカ・スリ そしてヒグマ アライさん界隈に一定の親しみを持っている official髭男dismとはなんの関係もない 恋人→coming soon！,583,272,5797,2101
205,790223113019531266,hedgebok,書籍(美術/文芸/批評/分析哲学/機械学習)/喫茶 懲役1年目,992,1582,15805,63940
206,1021492906463395840,larva_,UTS1-4(露語) 2nd 数学科内定/ GUT/ 人狼研(前会長)/ AnotherVision6期/ B4UT 音楽が好きでよく聴いています @larva_iidx,304,359,3095,3531
207,1197476911095484416,faraishazai,よろしく,15,25,983,388
208,1050397492334841857,kusaiyajingoku,"オッス、オラ悟空！
わかんねぇ木や草があったら、#オラ草が知りてぇ をつけて聞いてくれ！オラかオラの仲間が答えてくれるはずだ！

わかんねぇやつや、見逃しちまったやつは答えらんねぇ事もある…！ごめんな！

オラは花壇のお花や多肉植物とかの園芸もんはわかんねぇことが多い！",59,95246,5664,1461
209,408232285,pk_kroger,丁寧な日々,461,1395,9281,46906
210,785115737048231936,KUH_Solver,B1 2次元→ @RJCK_Solver #うろる #KTTA #広げよう理系の輪・埋めよう文理の溝,443,431,21613,20875
211,114352371,koredemo,"とある私立大学の大学職員。民間企業から転職してきました。つぶやきは中学、高校、大学、就活ネタ中心。
「これでも大学職員のブログ」執筆中。",60,23298,21811,30
212,1020454227334721536,_teruyukikagawa,俳優。アランチヲネ代表取締役。好きな食べ物はカレーライス。好きな虫はカマキリです。 https://t.co/qhfUmUe3m0,10,325671,89,0
213,1031183514530603011,ig_yuuu,FUJIFILM/写ルンです,79,5210,1457,16283
214,1009053319,wakkun0116,広告関係のお仕事してます #わくログ https://t.co/v9NM8vpdiE,6866,7521,81038,63789
215,1217270146969960448,meta_gga,諸事情により転生します(旧垢: @muentan)  まちカドまぞく/メイドインアビス,200,147,133,846
216,3029446762,HayatoYagi1013,Fy67th/塾高/慶應理工学門2/AtCoder青/こどふぉ青/Trombone/Kオケ/シャン研,938,629,618,1546
217,2741992800,harutokc,aiko60th→uts1-39→理数 B2/大川2016/Malabaristas クラブ、ボール、ときどきローラボーラ/しゅわっち,578,298,569,4770
218,1215417404911570949,English_ARAISAN,英語を話したいと思いながらもTOEICも英検も一切受けず、なんなら逃げながら約30年間生きてきたのだ！,65,74,31,78
219,3781739292,Erde_phys7,「えあで」って読む。情報系にいるゆるふわ物理学徒B1。量子に興味がある。水樹奈々さんが好き。TOEICと漢検準1に向けて勉強中。干し芋のリスト↓,3164,2148,50215,94174
220,827180776349249536,mikumotto,人間終わってるガチ無職です,205,287,1131,173
221,728242563342176258,DdxQ4,主人公の幼少期が1番シコい,762,788,84068,159344
222,1630313022,Conscript1942,社畜/戦争ゲームおたく/ドナルド・トランプ支持者,124,12105,56362,62271
223,114483804,tttks,北九州産・大阪在住のオタク。風景とか撮ります。 SONY α７Ⅲ/MAVIC2PRO,1473,4074,25438,49337
224,3126621218,inaharu0203,【@everb1ue】←📔,894,915,3078,4831
225,1090834439687401472,inunu_1bot,だいたい1時間に1回、1/1024(0.09765625%)の確率でイヌヌワン！と鳴きます。ワンパチにフォローされると自動リプが届くことがあります。リプのイヌヌワン！は確率に含みません。ご質問やご意見、ご要望はDMまで。,4264,14868,20420,32
226,830268763962384384,_U46_,magenta pink　/　header:@PSBAR5P7xMhC54H,73,1032,665,2293
227,1126834487936016385,hatori_hoku,計算化学界の新垣結衣,932,521,402,1804
228,977358725299167232,_9784130620055,UTS1 2nd 理数,103,85,1946,399
229,933208364309291008,Takayanagi10000,"けものフレンズがとても大好きです！！
特に『ダイアウルフさん』
鳥類は「シマフクロウ」が大好きです。基本毎日仕事。たまにけものフレンズのイラストを描きます。
アプリけものフレンズ３始めました！！
職は、全体の奉仕者(公務員)です。
主に、群馬県で働いています！
お気軽にフォローしてください！！",1095,564,2566,3912
230,998754431981076480,benzoo_6ro,慶應義塾大学在学。たくさん浪人してたのん。#春から浪人 #春から慶應 浪人生の絞りかす。,2941,3220,2849,4907
231,1199183176729419777,SakamotoAkita,シンガポール在住。転々と外国生活を送り、28年目になります。仕事と好きなことをしながら、シンガポールでのんびり暮らしています。中高年IT初心者です。老後に向け、ブログとSNSを勉強のために始めました。,138,196,184,4987
232,1197379281313132544,kanokari_anime,"TVアニメ『彼女、お借りします』公式アカウント。ダメダメ大学生が出会ったのは、清楚で可憐な理想の彼女！？ラブ×ドキＭＡＸの無鉄砲ラブストーリー、2020年7月TVアニメ放送決定！
推奨ハッシュタグ→ #かのかり
マガポケにて1～2話無料公開中→ https://t.co/9v4N6iEgIc",13,56606,127,0
233,192034791,kosukesa,"実験心理学やってます。畳の上では死ねない身の上。多分。専修大学人間科学部心理学科教授。学習心理学，動物心理学 associative learning, animal cognition",277,6501,104771,954
234,1906931864,haseo0409,"写真を撮って生きています
フォロー自由です。
インスタ　https://t.co/Xr4WBPpDDa
ＨＰ　https://t.co/xt1THttqkW",565,43003,28825,91137
235,920190588548296704,storiesbySonyJP,AV機器🎧カメラ📸ゲーム🎮アニメ😎映画🎬最新テクノロジー🔧...などソニーの様々なストーリーを発信するSony–Stories公式アカウントです。フォローお願いします！https://t.co/3K0t8PWYCX,0,113919,16291,33
236,761468129436323840,harukaTamar,文脈に束縛されきった、役割としての言葉と、それに従属せざるをえないわたし,998,1062,17650,8080
237,1059800085402288129,often_sleeper,イカれの数え役満みたいな人間に囲まれて生活している真人間です/ゆいさんのお嫁さん候補らしい→失恋？→？？？,142,132,7786,11598
238,125037905,haruharu_haru,本業組み込み、機械学習やCoqの勉強。集合と位相と群論復習してる、不完全性定理やりたい。アクターズクリニック通ってました、今はお休み。音楽はスクービードゥ、倉橋ヨエコ。漫画は阿部共実、web漫画いろいろ,451,160,3024,5690
239,1043386103468711936,U_Tahoo_n,Tahoo! だるの権化です,172,114,6328,15709
240,1196992360644628481,daareda_cat,ア界隈裏垢だよ 本垢のフレンズならフォロリク通すかもー！通さなくても嫌いなわけじゃないよ！,421,349,4205,5032
241,1200979378999422976,pcs_salomedia,n≒1/文転からの東大文Ⅲ志望/勉強垢/QKのファンです,291,170,194,904
242,1106953172159877120,Yryokou,"駒岡小→麻布→utl3-20　自由人　　　　
所属→東大神社研(探訪部会長)、レオパーズ(野球)　　　　趣味→神社巡り、野球、旅行、麻雀、ピアノ、ポケモン、TRPG　　　　
　　神社gram→https://t.co/3IwHPB9F0g",134,217,2911,4526
243,1033184963686948865,Galipaja3_Bbro,がり勉パジャマ、略してがりぱじゃ。よく寝るよく食べる。北大薬/札幌脳学校の校長。脳科学検定を作ってる。極度の甘党。interested in neuroscience🧠,359,294,1615,1562
244,717636564185026561,Iwanami_Shinsho,"岩波新書編集部の公式アカウントです。岩波書店・岩波新書の新刊情報やイベント情報などをいち早くご紹介していきます。よろしくお願いします。
公式Facebook→https://t.co/jVA6C70FdZ
B面→https://t.co/gBhJWy6VZE",529,21299,13898,12867
245,202215362,ratok_7,北海道の自然写真家。 2017ネイチャーズベストフォトグラフィーASIA50カ国中、風景部門1位🥇年間750万人来場アメリカスミソニアン自然史博物館で1年間写真展示🇺🇸2019年3月東京富士スクエアにて個展開催、1週間で9170人来場を記録。WWF写真提供。 雑誌掲載多数。北極で野生の北極熊も撮る人,495,4094,77811,33028
246,4616324473,keng_chi_yang,"Kenta Yanaga / Based in KYOTO / Anti Lovegraph Super Hero / DopeZine / Fine Art Portrait & Snap Shoot / FUJIFILM X-T2, X100F / フリーランス",607,4657,9913,43110
247,1214390639971880962,awesomecloud2,大学生です。学部2年生/東南アジアが好き/途上国の教育問題に興味あり/起業グループ在籍中/英語を伸ばしたい/たまに変な落書きします/子供が好き/学童保育スタッフ/塾講師/フリーランス/日常垢な気がします。色々な人と繋がりたい。,1084,761,142,302
248,846314212372594688,Misaki_muuuchan,ちんぽこぽんです https://t.co/MO1xPSSHx4,564,655,43645,75956
249,1199663907138228225,hellosthello1,hello,133,9,143,512
250,2741686350,masa_Loki_mura,数学科B2,54,28,13,18
251,1197056636268863488,KASINAKA_,浪人が確定したアライグマ,691,657,6132,5747
252,2304377690,UT_TSW,"東京大学を中心としたインカレお散歩サークルです！毎週土曜か日曜に、主に都内を散策しています。活動報告を随時更新しているのでぜひご覧ください。参加を希望される方はDM、またはtsw18th@gmail.comまでお気軽にどうぞ💁🏻‍♀️いつでもどの学年でも大歓迎です！
【現在活動を休止しております】",718,397,453,30
253,880792549677449216,owata19811121,"低身長低学歴低収入で障害者雇用のキチガイの日常を主に呟きます。
仕事も私生活も自炊も人間関係も全て出来ないです。",387,530,12885,9306
254,1000762715684532224,graduatetests,"院試の解答やスケジュールを掲載しています。 勿論無料です。
Twitter上にある解答をいいね⭐してます。
数学
https://t.co/c1B3wMe6sO
物理(工事中)
https://t.co/P8zgzkChSW",11668,11563,99,234
255,146392679,chukoshinsho,中央公論新社刊行の中公新書編集部のアカウントです。毎月20日ごろの刊行です。創刊は1962年。2009年には2000番、12年には50周年を迎えました。深緑のカバーが目印です。編集部のKを中心にツイートをお届けしています。2016年10月から「web中公新書」がスタートしました。,19034,31968,19810,1
256,1859171004,crayonwanchan,激しい喜びはいらない…そのかわり深い絶望もない…植物の心のような人生を…,238,1115,1933,8334
257,1158958154375262208,akinecoco987,"写真を撮っています✨
SONY α7R III / old lens📷 

光と影が好き。
何気ない日常に新たな発見を求めて。",264,4867,4216,58111
258,955828920464502785,Mican_snct,塩キャラメル依存症＊スープストック狂愛者＊ヘッダーは@kudangamiさんから＊https://t.co/XDcdU3iXWm,819,904,9104,35108
259,1003239120615829505,Torte926,大学のサークル(OF)でTRPGをやってます。 持ちルルブ:モノトーンミュージアム/ブラックジャケット/エンデブライド/フィアスコ/故に我らはディディスカイン/鵺鏡/駅前魔法学園/ゆうやけこやけ/TNM,75,70,4174,10255
260,825309871847256064,Hannibal_Satou,Ignoramus et ignorabimus,1645,240,30677,9437
261,1647867222,A_L_G_E_,堕落した数学科B2　ゆるく代数幾何とポケモン．,478,720,5605,7795
262,1213650917297254400,oyoisan,帰ってきてしまった己の弱いアライさん、通称およいさんなのだ！宜しくなのだ！ア界隈ではマイルドな方なのだ。高校生なのだ。 留年と仮進級の狭間で生きているのだ。留年だけは避けたいのだ！掲載は1文字50000円なのだ！#アライさん勉強部,95,107,62,84
263,1201117963413151744,calterprite,とあるゲーマーの鉄道アカウント 車両/切符/駅スタンプ/時刻表,260,170,307,616
264,833001509377806336,tomuziso_tomute,Kotlin + Spring boot/Ruby on Rails/テックエキスパート卒業→Webエンジニア2年生【blog】https://t.co/ect5Khdz1z,218,162,556,395
265,968092093468962817,xno43723258,元薬学部仮面→医学部医学科 元仮面浪人界隈→現医クラ界隈&ガイジ界隈 落単留年残留からの医学部合格 人生が334 男子校 旧帝大の奴隷として底辺私立医で研究を行う,2117,1326,4700,18108
266,1014766164348583938,hanimakun,馬の博物館の公式アカウントです。馬の博物館のキャラクター「はにまくん」が展覧会やイベントの情報をお届けします。個別のご質問、リプライには対応しておりませんので、ご了承ください。Facebookはこちらhttps://t.co/98BEKEQ20T,24,691,446,16
267,122043137,i_namo,"写真を撮りに彷徨ってます(^o^) アサヒカメラ×東京カメラ部共催「日本の47枚」写真コンテスト2017」/日本専門新聞協会フォトコン理事長賞/全日本フォトグランプリ長野県代表/花の里フォトコン昼の部特別賞,他",430,1444,2051,9882
268,3503222540,halno_IG,お酒のデザインと、フォロワー数27万で公式認証マークつきのInstagram。 ツイートは個人の見解でげす,850,4790,2207,3961
269,899228891520172032,YOZAKURA0001,女子力極低大食いアラサー予備軍→正規軍に昇格❤️一番女子してたのは3億年前✨「カレーは酸素」「ラーメン補給」と発狂している女がいたらそれは私です🍜山Pのファンクラブ末端会員🎤激辛大好き酒豪🍺人前ではあまり鼻くそほじりません👃週五でOL、週四でリア充狩りしてます🍴本名は山田夜桜ジュリアーノよしこちゃん,27582,29020,5491,14192
270,1163813416147939331,7DWZerWpNFdZ0gi,私立大学一年生/仮面浪人/k=1/東京大学文科三類志望,440,523,687,5821
271,1143008211231895552,hase_0o0,AtCoder(hase) 水。Python。 早く競プロ再開したい〜,522,373,347,1575
272,1166492759840178178,Noedipus_2,フランス語 / ドイツ語 / 競プロ / ボードゲーム / へっだーは@akatuki_meさんより。メモ : 教室の確認,514,371,7616,36327
273,1159426974869118976,name85312387,内と外とでパートをかけ持ちするしゅふ。音楽やお笑いや映像が好きだったけど最近は触れる余裕が少ないのだ。外面はよいけれ人付き合いがへたで、ほぼいない友達は転居で物理的に遠くへ。穏やかな日を目指すのだ。料理するけど食べる事に難ありでえさを貪っているのだ。フォロー・ブロック等はご自由になのだ もうひとつ→@36817sai,84,97,740,2549
274,1170867354021982208,gakka_343,uts2→農学部生命化学工学/-35kg/とうほう(しゅみ),537,544,1711,7083
275,1060424919719141376,honkiku1,Amazon米国本社でプロダクトマネジャー(ゲーム開発)。アメリカ生活7年目。アメリカでの半年間の就職活動経験(無職😢)を活かし、英語と海外就職について発信。東大修士。TOEIC985点。連載コラム:#海外就職のすすめ➡️https://t.co/peyOiqcwWN。ブログ:#本気のアメリカ就職➡️https://t.co/Z6x2Ecr8Br,358,14057,13050,10657
276,1198864286719692800,rice_river_hu,"HU  B1
春から(も)北大",245,206,4547,19739
277,172691134,moegi_hira,編集者。志学社代表取締役の個人アカウント。Amazonアソシエイト利用中。禁無断転載。 note https://t.co/htLsGj0hJP 撮影：飯本貴子 於：東方書店東京店 文筆は @kyorai_kusaka　ほしいものリスト→　https://t.co/kEaK8UKYDF,968,8800,94231,47931
278,843248705620738048,koyama4645,Nikon D750/OLYMPUS OM-D E-M10 Mark Ⅱ 長時間露光、星景、風景撮ります🙆学生 23歳 フォロー歓迎😊リプ、DMもお気軽に！,330,4509,3841,9821
279,1185568038088658945,z_pctt,🇯🇵×🇯🇵のオタク/被写体/FJK,15,56,158,45
280,908703665933844480,maskedanl,"AI・IoT・機械学習・データ分析を手掛ける""自称""AIベンチャーをクビになり、フリーランス（半無職）へ転身。
活動実績はhttps://t.co/wHsg7VIjJS
 仕事の依頼・相談・苦情はダイレクメッセージ・info@maskedanl.com・問い合わせフォームまでhttps://t.co/iHMsG8vn6A",239,13429,4451,793
281,1038092301409509376,kx_h4,量子情報やる,484,436,3769,5786
282,1157059878419984384,hatoriMain,Waseda Univ.情理B2,83,20,66,10
283,1181120934385614850,observablemoppy,UT理物B2/量子情報班/物理学徒向け公開垢:@quantummoppy,132,107,566,2115
284,1095866561397612550,economic_arai,中高で逃走し続けていたのに、なぜか大学で学問に目覚めてしまったアライさんなのだ。ADHD（診断済）のフレンズらしいのだ～。更にASDでもあるのだ。フォローは出来るだけ返すけど、遅れたらゴメンなのだ。アイコンはAndreaMosaicというソフトで作ったのだ。特定されたらアカウント爆破するのだ。,1091,816,552,586
285,1207351762010529793,Guilt_3line,Fラン理系学生 お酒と☕,100,25,256,248
286,132463574,AttaleaPrinceps,20年以上のひきこもり / 希死念慮 / 精神障害者保健福祉手帳3級 / キチガイアカウントなのでフォローの際はお気をつけて / 同じことを何度も呟きます / 時事・政治・芸能・スポーツの話題は嫌いです / リプライまともに返せません、ごめんなさい / ブロック・アンフォロー・ミュートはお気軽にどうぞ /,1149,1526,26898,928
287,1000343036281286656,aymhtnk,三鷹市 / S研 / 水泳,4641,1428,231,641
288,258999740,bou128,主成分：ねこ / 日常 / NL / 本とゲーム,70,96599,12595,1024
289,2848085012,lpowolp_photo,"#SONY α7RIII, FE 70-200mm F2.8 GM OSS, #CarlZeiss Distagon T* 1,4/35 ZM, Loxia 2.8/21, Loxia 2/50, #GITZO GT3543XLS, #RRS BH-55,etc...",375,1981,30272,3394
290,1087206157641383937,andal_photo,Photographer / Portrait and Snap / ノスタルジックな雰囲気とストーリー性を感じる写真が好きです / ミニマルも好き / ご依頼はDMまで☺︎ / SONY / a7iii /,103,1050,1748,53326
291,1069605914754277376,takaichino,高井茅乃（たかいちの）/謎解き(第5回謎検1級)とドミニオンと競プロ✉ vtubertakaichino(＠)gmail(.)com/絵 #ちのあーと /🔞#えっちのあーと /🔞G #血のあーと /🎁https://t.co/K8i2WJQBqj,1851,1540,2772,2886
292,1214179496816865280,Mikuni3_nanoda,ご機嫌よう。私は美国織莉子。神浜を目指してやってきたら、ジャパリパークに来てしまっていたわ。私を知らない子も、知っている子も、折角だからここでゆっくり紅茶でも飲んでお話しませんこと？歓迎するわよ。(非公式なりきりアカウント けもフレ デレマス まどマギに理解あり マギレコ未経験)INTP/ENTJ/発達障害/数学,530,310,1744,326
293,992225650395176961,hardsuger,"何も分かりません

欲しいもの→https://t.co/IXyX2GWf63…",141,74,4915,16167
294,1183400566413647877,iet461_sub,てい(@iet461)のサブ垢,49,18,9,9
295,1088771223230722049,araftwerk,趣味でドラムやギター、宅録をやってるのだ。過労でうつ病になってから人生迷走中なのだ。よろしくなのだ。,417,412,2536,5060
296,991123735,ISuperbody,なんもしないボディビルダー（ゲイ）を貸し出します。1万円と瀬谷駅からの交通費、飲食代等の諸経費だけ（かかれば）お支払いいただきます。お問い合わせはDMでもなんでも。ごく簡単なポージング以外なんもできかねます。【note】https://t.co/PBOFZh2CFN【Tシャツ】https://t.co/0kZZcelywx,380,23132,15596,211
297,179415721,ulala_go,#フランス と日本の相違研究家。女性問題、教育問題に関心あり。日本大手メーカーで技術職、パリでWEB会社勤務後今は地方。誰かの役に立つことと中立を心がけています。 ブログ→https://t.co/DCoDXr80aJ 記者記事→https://t.co/cMqqSaGW13,995,15615,78657,32723
298,1094883880891408385,Master79296147,アラサー研究職のお絵かきアカウントです。RT、いいねされると嬉しくてフォローしてしまいます（迷惑だったらごめんなさい）。ラインスタンプ販売中→https://t.co/x9UJJZ90Sz,4897,2327,894,931
299,954007970957766656,ksk18681912,"新刊「牛丼の戦前史」発売中ですhttps://t.co/nIoZaYMiET　
過去ログはtwilogで並び順を朝→夜に設定すると読みやすくなります https://t.co/SrYD3UDhTg
本の更新情報等一部情報はblogにて管理しています
https://t.co/VORUuer9Kc",17854,18264,14640,13957
300,754586993732890628,shintamannf,旅行や登山しながら写真撮ってます/age:24/富士フィルムフォトコン優秀賞,93,243,452,1042
301,1046779873283342338,nyph89,📍Based in Osaka/street photographer/FUJIFILM XT2/ 大阪で写真撮ってます 写真がお好きな方よろしくおねがいします▪️https://t.co/86k2xEgWkk,205,2930,901,105976
302,803219031545167872,TANEO_koshiki,SFC18 / TMT研 / Bioinformatics / 機械学習(をやりたい) / カフェイン / ラーメン / ボカロ / 東方 / 薔薇乙女,1216,985,62193,105518
303,402137360,UgroM87,おひさまRTT 音楽/物理学/医療 の呟きが多め,1216,230,1410,1791
304,732751824,hana_blood,平日ひるまからーごろごろーごろごろー,1386,216,11237,19358
305,1065632903256666112,eat_pancreas06,東京大学空手部数学科型パートチントウ専攻,89,60,155,861
306,1211026113301897216,p0nk0__2,存在がバグなのだ！フレンズはフォロバするのだ〜 サヨナラはブロ解でお願いしますのだ,139,159,113,59
307,263468136,toko_miura,三浦透子のオフィシャルTwitterです。 音楽に関する情報はこちら→https://t.co/Kgr175y5ui,13,9863,117,434
308,1126843156018786310,kabomaru_neko,"ADHD&ASDの23歳 Twitterの情報から疑う→手帳→障害者施設だけど理解得られずクビ→執筆✏️読書📚好き→ブログ挑戦→PV伸びず挫折😭→ 稼ぐ手段より基礎を学ぶのが大事→ネットでビジネス開始💻コンサータと訣別する💊 
fpsゲーム🎮東方神起好き　将来は障害を持つ人へライフハックをまとめた本を出版！",1250,1140,468,578
309,1194549332055183361,hokudai_edu,12月からプレ活動開始！ 北海道大学の模擬授業サークルです！ 教職を目指す人、塾講師をしている人はもちろんコミュニケーション能力やプレゼンテーション能力をあげたいひとにもオススメ！ 学外の人も大歓迎です！,34,42,49,15
310,1115170181502734338,bot99795157,真理は知識の排泄物なのだ。,19,27222,3582,2049
311,2257765104,hanamap_info,🌸100年後まで残したい！日本の美しい花風景➡︎https://t.co/Pp2wooXdSA 🌼1年中楽しみたい! 日本の美しい花暦➡︎https://t.co/i6jF4btJVK 💮はなまっぷ✖️@yurie_0101 LINEスタンプ➡︎ https://t.co/6cNYS7D9ng,13,935,965,4320
312,993028439631323137,SioUsio,関東在住。スナップ写真撮ってます。お散歩とお酒が好きです。X-T20 × XF35mm f1.4R / GRⅢ,284,3612,10017,71625
313,885316365124419584,kleinesernon,クライネスの漢の中の漢。伝説を作ろうとして現実を見た漢。,451,458,9009,7171
314,1137350535340683264,d_m_platinum,名古屋大学生です(ちがう)。全科目優上めざします。別垢のFFにこの垢からリプしたらFF外からのリプになってたみたいなことがたまにおきます。,1411,735,939,13254
315,843049739406864384,hanabishi_2020,花火師会新歓用アカウントです。日本唯一の花火師サークルで、年二回（七夕祭・秋祭）のフィナーレを飾る花火の打ち上げを中心に、みんなで花火を見に行ったり、花火鑑賞士の資格を取得したりしています！花火打ち上げてみませんか？ #春から慶應 #春からSFC 公式アカウントはこちら→@firewoker_keio,694,193,52,48
316,844095650367070208,o_ccah,現実は変えられるって信じたいよ,410,763,13960,32294
317,1117428474908561408,ADHD89971192,電話をしながらメモを取れない・忘れ物が多い・会話が噛み合わない、周りをイライラさせる・吃り・うっかりミスが多い・周りの雑音が気になって話が聞き取れない・集中力のON/OFFが激しい…それでもアライさんはADHDじゃないらしいのだ。フレンズとして純粋にスペックがゴミなのだ！,1155,1303,4427,5841
318,781217584477679617,haru_negami,PhD candidate / topology of protein / drugdesign drugdiscovery / 筋トレ / 薬学部→工学系研究科,1355,2016,7189,23157
319,852657620,syuu79122,ひきこもり。男。悲観主義。不眠症、不安症、コミュ障…。友達いない歴更新中。人生既にギブアップ気味。基本ネガティブな事ばかりつぶやいてます。こんな感じの人間ですが、もし気が合いそうでしたらどうぞよろしくお願いします。,2111,3019,44642,160443
320,2467339838,ymwitt0,"ᗩ ᑭOKEᗰOᑎ ᗩT TᕼE ᗪEᑭᗩᖇTᗰEᑎT Oᖴ ᑭᕼIᒪOᔕOᑭᕼY, TᕼE ᑌᑎIᐯEᖇᔕITY Oᖴ TOKYO / 裏垢はこちら→@tsubonoir",7174,7478,16942,17952
321,134045454,robanotearoom,某化学系メーカー知的財産部所属。鉱物オタ。一応理系出身（化学系M）だが、歴史好きが転じて働きながら文学部（中東史）を卒業。さらに何を血迷ったか、今は法学部に在学中。会社員と学生と２足わらじ生活。https://t.co/K7gYPLg4QY　https://t.co/BM0GM74OSO,863,1270,155448,4491
322,1457389459,masa_hiro_ikeda,Photographer / Videographer based in JAPAN. World Traveler. Web https://t.co/C4ENNeWsO3 | Founder @tolocca https://t.co/HwrQGgSPr3,171,3422,9048,14632
323,938312303497351171,TaiziSakamoto,Taizi Sakamoto ㅤ Combination Human And Nature Photography インスタグラムアカウント https://t.co/6fG0tMMhdS ←,280,2549,2055,9638
324,130979670,yuki_suichan,"スイちゃんとヤブちゃんの飼い主🐥
LINEスタンプ→https://t.co/37jd3SBKtd",656,4466,101909,5166
325,2957065604,kaotaro12,だいたい週一回のペースで動画投稿する。鈴谷が好き。【fantia】https://t.co/2Q8UVTTBGV,1293,261306,44452,27116
326,1136612088518856705,hanabinoshiru,FJK/ゴミ人間/ラインの友達4人/不登校/数学/物理/アニメ/競プロ初心者,559,404,2751,8454
327,1111497012225019904,prodigy_akita,文3-20組→数学科(内定) 2年,60,58,386,318
328,1204030754658770944,430hEiem6mzuloN,一生童貞を決め込んだアライさんなのだ。もちろん＝いない歴なのだ。Twitterちほーでは童貞の味方をしながら、ある日突然卒業する輩が偶にいるけどアライさんは一生童貞だから安心するのだ！一緒に童貞を貫くのだ！,3097,2201,126,162
329,899931356053909504,lespros_t_rio,高校3年生 |ミスマガジン2018ミスヤングマガジン| 毎月第3火曜日レインボータウンFM 火曜BEAST!!!!!『#じゃけぇーしょん』| フジテレビ『ワイドナショー』ワイドな高校生| 毎月第2木曜日 『モクベン』|【DMについては所属事務所の管理となります。】,91,83069,1413,2665
330,1174951102418051072,camel77598164,人生修了証を受賞した男,503,499,13237,18233
331,1012944324185604097,Norden_Meister,𝖂𝖆𝖘𝖊𝖉𝖆 𝖀𝖓𝖎 | 𝕲𝖊𝖗𝖒𝖆𝖓𝖎𝖘𝖙𝖎𝖘𝖈𝖍𝖊 𝕷𝖎𝖓𝖌𝖚𝖎𝖘𝖙𝖎𝖐 | 𝕸𝖎𝖙𝖙𝖊𝖑𝖓𝖎𝖊𝖉𝖊𝖗𝖉𝖊𝖚𝖙𝖘𝖈𝖍 | 𝕳𝖆𝖓𝖘𝖊𝖘𝖕𝖗𝖆𝖈𝖍𝖊,93,339,810,6052
332,4627945218,AnzenStaff,労働新聞社が発行する「安全スタッフ」（https://t.co/kc1fhBx0Co）の公式アカウントです。現場で活かせる安全衛生関係のニュース・企業事例などの情報を配信します。ご安全に！！,28,704,10372,19
333,403473849,kazu061010,風景写真を撮ります。『 TEAM ASO 』,366,10158,17116,20884
334,869511966783545344,amatou_0429,(24) Chiba⇄Tokyo #チーム房総 趣味で自然やらスナップやら都市やら色々撮ってます。作品だけ見たい方はinstagramもやってますので是非そちらをご覧ください。無断転載やSNS等のアイコン、ヘッダーでの使用は厳禁。お問い合わせ→amatou.themj@gmail.com or DM,200,14695,4243,8257
335,992718337372123137,asiandocs_tokyo,私たちアジアンドキュメンタリーズは、優れたアジアのドキュメンタリーを世界へ配信し、アジアでドキュメンタリー制作者ネットワークの構築をめざす日本の新しい映像配信会社です。,179,3193,1219,449
336,1128858535591235584,sandcat_lab,"大学院で研究してるスナネコです。院ネコともいう。よろしくお願いします。 アイコンは日々を大切にしたいアライさん(@ADHDASD11)からいただいたのです。無断転載は1ツイートにつき267,900円を請求します。  ディスコ SNNK#5014",1046,1029,13994,14466
337,226876191,hammerkanazuchi,よく家から空を撮ります FF非推奨  横浜生まれで日本海を移ろい🎺📷🧳🍵の学生生活を送った元山奥のはぐれ修士跡地 脳情報/生物物理,2504,486,40010,38993
338,930298236148920320,_fal_sy,🐈数学🐈 @_fal_s,147,141,382,2166
339,1194568173208489985,arai52027995,色々あってアカウントが戻らなく、精神的にもつらいのでまたきちゃいました。空いた時間に愚痴をどんどん吐くので許して。いい名前決まらない。 雑イは4月から始めたのだ、元々頭狂ってるけど㌩手帳持なのだ,604,422,453,990
340,945319593446215681,precede__11,都市工B3/ArcGIS,2702,2910,9239,27039
341,1117716662101274624,sutehagetaro,大学3回生 ぼっち 気軽にフォローお願いしやーす。,1149,1379,9417,32148
342,974436904702590976,negi_takashi,北大文学部の落第生/恵迪寮/F研Drms/第111回寮祭座長/Past Production/KFC部長/ピアノ弾き/旅好き/しがない物書き,479,621,2979,10076
343,149132541,karaage_rutsubo,"リアル現場人が現場猫コラ作ってます。トリプルチェックの弊害の一発屋でもありポケモンGOもしていたりする。クソ上司は滅びるべし。

【※現場猫はもともと画像掲示板の作者不詳コラで、現場猫の顔の電話猫はくまみね氏（@kumamine）氏のキャラです。当方は非公式・非botの一般人なのでフォローの際はご注意ください】",295,60530,10881,1922
344,865064923939840000,816photo,天の川と雪と太陽と #ライトペイント のある風景、たまにドローン。最近は #360VR #フォトグラメトリ も興味。コンセプトは「普段の風景を絶景に。draw the light & love landscape photography」 https://t.co/EJO5DkQiIK,779,7819,9427,66886
345,2264478072,ryography713,Freelance Photographer / 人・旅・京都 /@Lovegraph_me / https://t.co/2PgFoBSXkq / https://t.co/FLILPNjwil / 撮影やお仕事のご依頼はDM又はメールにて📩,779,5798,9141,24569
346,731678526160523265,inkokfc,シロハラインコ２羽、セキセイ１羽。モモイロインコ １羽お迎えしました。,409,13670,11975,46765
347,938281603,duke_bunny,イラストを描く虚弱体質なウサギ。同人サークルラビリオン公国騎士団。東方永夜抄の蓬莱山輝夜をメインに描いています。限界百合くれおにいさん。現在依頼受付ておりません。3/1動画工房作品オンリー「俺達の動画工房」(予定),3223,7455,77408,52742
348,964811420767469568,H39_sweet,"杉本です/競プロ歴3ヶ月/#AtCodere 133 茶色目指してます! 仲良くしてください!
#情報オリンピック #JOI ←落ちた/#エンジニア の卵←/#Cpp 使い/#SE/#プログラマ LOVE:#初音ミク
#プログラミング/#アニメ/#ゲーム/#サイクリング/#エレキギター/旅/バイク乗りたい",926,453,1631,5602
349,3118586363,sheagrief,東大数学科B2/ホノマラ,409,854,6740,14236
350,1147899591372619777,butigire_fox,中身はキモいオタクよ！？でもギンギツネみたいになりたかったの！悪い！？,102,351,2970,4122
351,982590216023109632,10dainiikasete,杜の都浪人生,155,134,1783,2917
352,1125052457996865543,bocchitarou,早稲田文化構想学部一年生のゐんキャぼっち。,480,540,4278,16802
353,3129652874,TEDxHokkaidoU,TEDxHokkaidoUは毎年TEDxイベントを開いている団体です！今年は5回目の開催です（^O^）普段は主に月曜日18:30から中央図書館や農学部の教室で活動しています★ 興味のある方はリプライまたはDMまで！,464,544,701,71
354,2333680964,ohanabatake38,解決は死である,140,1309,41652,17674
355,114172774,Makoto_Igari,"Sony α // Landscape, Nature, Wildlife photography // Contact → https://t.co/a67vI0QY9N",285,3925,29007,69912
356,2967497460,LENS_BLOG_,写真に関わるコンテンツ制作やマーケティングが本職 | 週末フォトグラファー | ブログメディア「Lens」運営 https://t.co/fQPHDKh498 | インスタ https://t.co/oU7REbpzqT | 旅や写真や映像を愛してます。お気軽にご連絡下さいませ！,882,2652,2414,5707
357,1368830592,deko_5546,"チョウゲンボウと一緒にくらしています

初代は雌  現在は雄です。

2018 コキンメフクロウも家族に加わりました。",55,2064,4937,100828
358,860874372562558978,physics_new1,"22歳　一応、法学部の学生です。人生遠回りしすぎて、どうすればいいかわからなくなってます。
芸術とか歴史とか物理とか宇宙が好きです。",1045,959,1997,1265
359,759610484022661124,ha21_crom,競プロer/AtCoder緑(実質的水色)/基本情報技術者/Supercon2019本戦優勝(Nerv)/パズドラランク900台/絶メタ冠/ガルパランク180台/ポケモン剣盾/趣味が合う方是非フォローお願いします!! @ei1703_crom ← 現実垢,4871,4139,15166,15466
360,3147373625,ecrire828,"日比谷33R→東大文三18組🇫🇷 →後期教養学部 超域文化科学 表象文化論(内定)
/書道研究会/UTD/JJW D年 Jr. Trpだった/縮小→@mrmg828",798,746,6137,13334
361,1176549837887508480,mujuisan,お化粧が大好きな、可愛くなりたい男の子だよ〜っ！女の子が好きだけどこの体で付き合うのは嫌だから詰んでるんだ〜っ✨ 干し芋: https://t.co/ARU8pTDyAN,493,514,2897,1994
362,3151376016,_hirofumisato,北海道在住、古着屋店員をしていた時にカメラを始め、現在は会社員をしながら休日に写真を撮り日々生活をしております 。 2017 書籍 「頑張る理由が、君ならいい」写真提供 / 2018 岩井郁人さん(ex Galileo Galilei) アーティスト写真撮影,110,10384,1092,373
363,971943769997131776,chicocino,慶應文 人間科学専攻 おトイレゆらゆらエルモが好きなだけの一般人。ヘッダーはレイジングスピリッツの中国語の注意書きです。アイコンはTORAさんから頂きました。谢谢。,668,1007,15711,98851
364,1193136416525406208,IKELUS_Band,北大系ロックンロールバンド! イケルズ！フォローよろしくお願いします！一生懸命やるんでフォローしてください。。。ギターボーカル@IKELUS_naoドラム@IKELUS_ALIENベース@IKELUS_LAKEI 本当に気軽にDMくださいよろしくお願い申し上げます。,198,153,22,25
365,205486589,HundredBurger,だし巻き卵が好きです,1023,16504,181877,207214
366,2897433854,PlaPhoto72,A Forest Photographer based in the Japan｜ART FAIR TOKYO　出品 / エルメネジルド・ゼニア　レンタル販売 / 　Web版 美術手帖　掲載　etc... / 低浮上、筆が遅いです、、気長に、、、,604,2130,5556,17948
367,801437772028354560,__yoii_to,記憶の寝床＿ ／sense(@kmh_t),468,12748,31504,43134
368,745984333840670721,dollchka,"あわびちゃん（オカメインコ）用 あわびちゃんのすばらしさを語ります   冬のインコちゃんはいい感じにあたためてほのかに芳ばしいよい香りを楽しみます(*´◒`*)
芋とりんごで接待する季節です",331,3759,10442,5098
369,1033012110563848192,doiyasantech,"東京工業大学19 　物質理工   Mets /trap /titechpoker 　田舎出身　東工大生は100%フォロバします
#ドラクエ
#東北楽天
#根尾世代",598,488,5275,8336
370,1075491762020339712,hanakarabeniimo,"python 弱アルカリ性 カメラ ラジオ
 お菓子。。パンを少々。
ナマケモノ。
現在 卵の上
サボテンを投げ合うナマケモノです
山籠り。inコース走行中。",440,69,939,2507
371,1166328538565238786,IS20er,うわあ。,0,13,0,0
372,566206968,eekikshorls1592,ガーターストッキングが大好きよ ガーターベルト所持数は1本 旧アカ@aenaiiiisan、芋https://t.co/p4aWaH5ayy、裏的なhttps://t.co/rRXe6LXYyl,313,331,7038,23543
373,804602410328936448,norarikuraru,n=1 / 性別:メス / 神医志望 / 麻雀 / ⚠️ツイ消しマン,2666,2610,359,252
374,1122502940206362624,Natsukawa2000,ガチぼっち／統合失調症。高校中退→大学中退→療養中。精神科通院中。,341,2913,14548,34152
375,2279991858,Inkalshipe531,miw➮北大経 もっも鳴いてる変な生き物。使ってこそ役に立つが、使い道がない。 やることリスト➮詳細2版,275,263,2944,14732
376,19582927,YS_GPCR,"令和大学総長。VABとか乗ってる。ヘッダーは@u1__さん。 SCP翻訳: https://t.co/Ok9NDsqfbi,  作曲: https://t.co/nLnrcRS2M5",987,8429,160106,1694
377,264250655,soul_locking,くろちゃんです♪ OLD SCHOOLが好きです。 今でも音楽聞くとワクワクします。今は風景写真を撮ってます。α7R3／EOS R／M2 普段は車で行ける撮影地を探して、日々ウロウロしてます(*^ω^*)自然奏名古屋,322,138,3956,11477
378,1118823325818449921,s_rina0402,"いろんなことしてます✨














































写真を撮られることにめざめました。



































撮影依頼お気軽に✨",124,2167,10663,10005
379,265462952,juoku_k,漫画家。「絶頂武闘伝バルト －バカでもなれる人類最強－」サイコミにて連載中。ツイッター不定期連載『だらけハヤブサのばとちゃん観察日記』。オナガハヤブサとメンフクロウとシェルティ飼い。MUSEとTOTOのコピバンでベース弾いてます。完結作「踊る！狂気のJK カーリーちゃん」「ギグガキ」「だらけハヤブサとだらだら生活」,508,11150,7487,5946
380,2175276342,AkaGhef,高2 uts志望(死亡),482,556,3989,9089
381,565118642,H4N3T4,"計算機科学のお勉強とDTM
バイトでHaskellを書いていました
 Nonet Records/Qpic/ANIMA Production https://t.co/7jhShDWr9p",4445,786,16877,3986
382,1336698314,mayapero,すぎゃすぎゃ/ふあふあ,2184,1234,76889,74980
383,1142360063094378496,nrGKUgFBllGnNyF,毒親からのネトスト経験があるので鍵は当面外さないのだ。,938,677,12836,8557
384,1001869849428033536,Kom_sawyer,1-4🇷🇺→航空宇宙 2年 GUT大都会ノソポーカーイラ研 バ美肉 競技記憶休憩中 3d/VRc→@bengara_sky ツイートは全て偏見,933,881,26188,55081
385,742666011049000965,dama_math,"KA9th / 高3 / 2019 IMO / 科甲7, 8th / 湧源 / 競プロ垢→@dama_code (休止中) / アイコンは @V_Melville さんより",889,4146,8494,10292
386,1192413270683947008,tora33_1,,295,42,0,1068
387,62261018,foxnumber6,僕は恋と出会う旅に出かけた。,1534,8589,438330,104733
388,137500865,riripurity,カメラ大好き、撮るのも好き、チョコレートだーいすき、ZIPFM大好き、コバタクさん他いっぱいのナビゲーターも好き❣️テニス大好き 中日ドラゴンズ大好き そんな私ですが。。。 前を向いて楽しく元気にずーっと進んでいきたい╰(*´︶`*)╯,163,53,1992,4702
389,930020777209896960,sakaitakahiro_,Freelance Photographer based in Tokyo Japan / https://t.co/yzNoeHMPF5,251,7609,1570,4657
390,1172816484604579840,fflora72,,3298,478,5,7
391,869533912069951488,141VCK2,同-法-政1 カフェ写真ロック 彩月(@saigetsu_dca)の幹部 [所属]LEM Gt🎸/レスポ会/フォトクラ/soirée/短歌会/紅茶/温泉/インドカレー ◎アイコン : @tou_fjkr,2385,3162,3175,7049
392,1086633520074641409,gyama_X,新潟大学 3年 / Fledgling iOS Developer/,446,150,12,611
393,1156955542318804993,artesia_holbein,,119,44,4938,8154
394,1200628338030608385,kyojaku_serval,ストレスで体が弱くなっちゃったけど、体も心も元気になれるように頑張ってるよ！みんなに恩返ししたいんだ！,317,274,337,445
395,3186302838,to10to10to10to,映像と曲と絵 依頼:4月以降〆切〇 https://t.co/xARgbc7UqG,1404,1080,10714,8801
396,1065559996757241856,Shota007,"MENSA会員で、京都大学工学部とMBAを卒業で、体脂肪率10％台で、50万PVのブログを持ち、TV出演歴があります。
■京都大学工→MBA→TOEIC905＆大企業→プロ塾講師→起業(社員2名で年商6億)→国内最大の起業スクール創業者　プロフhttps://t.co/SLYreBEhMV
筋トレ
https://t.co/2oL46yJIPi",123,8076,1717,204
397,1118512862857555969,Integrate_White,UTS1-20🇨🇳→UT理物B2(パ長) / 物理 / 数学 / お散歩 / フォローお気軽にどうぞ / ほしいものリスト : https://t.co/MH5G61hYdl,338,1199,342,44623
398,1001613714,MValdegamas,だからポイって ポイってしないでよ　今日をポイってしないでよ　明日へとあせらないでね　ゆっくり遊ぼう,450,6104,77338,82139
399,716988835,pashadelic,#PASHADELIC Official Twitter PHOTOGRAPHY GUIDE BY THE PHOTOGRAPHERS. パシャデリック マンスリーフォトコンテスト開催中📷,104,6910,11701,38336
400,1049626471549956097,Haya_chi25,田舎で写真を撮っています。,366,4117,4538,41965
401,917914166832140288,honen_honen,東京大学教養学部学生自治会理事。東龍門メンバー(@_dragonzakura_)。FLY Program 6期生🇬🇭。歴史教育,66,73,68,39
402,2941435638,yayogi0523,"17歳(脳内e歳)🌧ヤンデレでごめんヘラ🐰日常を呟きます│国語が大好き│vs漢検2級│ふぁぼ爆くれたら跳ねて喜びます！│PS4→MW,R6S,BO4│初見タメOK│名古屋県民│✨リプは全て返信してるよ│姉→@lillian_nas2|推し→@himako_darui│心友→@rira_2b│兄→@foxq0113│",21557,22684,34500,167875
403,736183705178243072,fn7633,"全財産5000万円を失うトラブル‼️
死のうと思いました😢色々あって母親のために生き直そう‼️そう決心して、朝、昼、夜3つの仕事とを掛け持ちしてはを食い芝って頑張こと10年😢❗️諦めなければ叶えられる🎵
今、目の前に広がったとてつもない大チャンスに生きててよかった🎵



j",1104,631,30,132
404,1027857829430943744,t__s_dual,はいプロ世界一社会活動が得意実質社会社会界に終焉をもたらす者,24,24,1029,767
405,1189200237589479424,hakase_iku,なんとか曲を完成させようとしているのです。,97,135,38,190
406,1190731158289448960,shophoto4,1998/札幌/大学生/📸Nikon d7500/風景/花/動物  #写真好きな人と繋がりたい,526,412,21,757
407,1104605014423527424,enktenkt,TDJ67→UTL1-21//旅行か帰省しないと死ぬ//山田涼介になりたい,599,694,8114,16403
408,976260246422237184,InsyuJK,beatmaniaiidx SP八段,727,1186,13182,10153
409,47809727,doshinweb,北海道新聞が提供するニュースです。,103,144547,110210,700
410,55496745,shoichi_asaoka,フォトグラファー。1973年東京都生まれ、中央大学大学院法学研究科修士課程修了。人物や商品等の広告撮影を得意とする傍ら夕/夜/雨景とモデルを絡めた作品撮りを行っている。富士フイルムXフォトグラファー。光のポートレート。光の人見知り。,668,13127,11936,39667
411,118258621,inagakiyasuto,ファミリーキャンプで「カシャッとな」🏅T&D保険グループ×東京カメラ部「Try & Discover フォトコンテスト2019」 優秀賞/土屋鞄 2019ランドセルフォトコンテスト 大賞/長野県観光インスタアワード 優秀賞 📸SONY a7III https://t.co/Xg1XmyFfVe,410,16301,12927,24513
412,959439543345664000,883_weather,気象予報士第9653号/篠原小→普通部→塾高→慶應法法2年/楽友会67期 Bass./伊藤塾46期/毎晩 #はや天 出してます。日吉通いの皆さん、ご参考までに。宮沢賢治でした。,883,1123,7915,9572
413,1123248517571432449,51hnwkb,"最近はSD系を描くのが楽しい/Illustrator/野球(竜党),嵐と雑学が好き/ご依頼はHPから/リプ返は時々ですスミマセン【FANBOX】https://t.co/gt5Be8hgCL…【BOOTH】https://t.co/eO0mM6zhvp",385,47677,3810,2447
414,971627752456560640,fried_kikkin,アイコンは@legna_161に描いていただきました。,1182,1109,34499,47839
415,1112719283790897157,reiwa248th,この度第248代元号に内定をいただいた「令和」と申します。ここから1ヶ月、私の想いをつぶやきます。  中の人→@chagekmty,449,83,17,1
416,1184585225969397760,kiriuri_arai,不眠と鬱が苦しいのに自殺は何回やっても失敗するのだ！どうせ死ねないなら楽しく生きたいし皆を楽しませたいので過去を綴ったnoteを更新するのだ、読んでほしいのだ！ア垢はフォローさせて頂くのだ。干し芋からの🎁待ってるのだ♡ ※スクショ改ざん含めて無断転載禁止・違反はお金を頂くのだ #アライさんはアライさんと繋がりたいのだ,2768,2037,549,463
417,978544348085215232,sugoikinnikuda,11/24(日) 13:30〜15:00(予定)に駒場祭で開催する真・ミスター東大の運営アカウントです。「漢の価値は顔ではなく、肉体で決まる」という信念の基、肉体で東大No. 1を決めます(ボディビル大会)。 #知性では頂点だ_次は肉体だ,829,532,49,73
418,955656231774928901,wa9knife,センシティブだな！,193,11228,6205,101458
419,978217300569374720,LtMhbFkKRD48crF,新天地に飛ぶには？/無言フォロー失礼します/水産かいし2年/旅したい/駅メモ/文化財・郷土地誌/生物系バイトやりたいので、おすすめ教えて下さい。,912,339,1757,14495
420,1200745250014167041,dowachang,もうなんでも言及しません,119,212,1183,579
421,7252682,yasutomo,東京カメラ部10選2017 Landscape & Nature Photography #チーム愛知,378,7270,15455,58483
422,706382464730533888,chibako_o,TSU健スポ(19) |📸| 陸上観戦⚐︎駅伝東洋 | 被写体やります | ACE |@frecam19_402 フレキャン @bako_photo カメラ,1443,1416,8461,27560
423,1194636354556088321,awesomecloudd,大学生です。学部2年生/東南アジアが好き/途上国の教育問題に興味あり/起業グループ在籍中/英語を伸ばしたい/プログラミングもやってみたい/たまに変な落書きします/子供が好き/学童保育スタッフ/塾講師/日常垢な気がします。色々な人と繋がりたい。DM🙆‍♀️,1479,1748,591,2081
424,1068854843958153216,Leonard_watch_n,精進一筋。妹→@sAyanamirei,426,606,18537,36436
425,816572374338314240,flower_fern,"音楽と珈琲、それから写真と植物。
Rubyなんもわからん",511,330,49522,32193
426,867791195702837248,Sanyo6146,"ks紫→sfc18
5組 ドイツ語 剣友会",440,380,709,9688
427,2809273484,otona8888,どっかの国立大学に通うアライさんなのだ！クソザコナメクジ文系なのだ！そろそろ社会に出荷される時期が近付いてきたのだ！部活(アメフト)とかサークル(アカペラ)とか色々やってはみたものの、やっぱりお酒が1番好きなのだ！！時々アベンジャーズ入りして銀河を守ってるのだ！！！,2267,4286,73,561
428,1106744232411226112,kan_hoo_115,uts1でつ。,495,515,1114,4556
429,3186333950,underdog454,発達障害(ASD)診断済のデブス喪女,296,8165,2190,4786
430,1103866768370458624,OPUOJI,"大阪府立大学工学域電気電子系学類数理システム課程過激派/ひと☆ねこOB/B3
質問箱https://t.co/02wjVhg6Ul",316,289,4953,3026
431,765096391,stdaux,"電羊法律事務所　平野敬（第二東京弁護士会）／インターネッツとかシステム開発とか

同人誌通販申込み
https://t.co/Uv6NjGbokW",208,41732,43782,95956
432,2569022095,TakahiroBessho,発売中! https://t.co/uhCtSsqHfp | 滋賀県| フォトグラファー | 文学研究者 | #私のしが推し |インスタ:https://t.co/h6hm6HHUTe | note:https://t.co/xCwBjpwNi3 | お問い合わせ tbessho@gmail.com,402,64506,9957,12221
433,106603404,lip_4,写真。そして美少女。,1157,1986,106188,9231
434,785270564961169408,systemgoogletha,jk3 pc夏 無関心💜,253,38,66704,65418
435,1174327519010381826,90_runner2,アーケア2019年5月23日スタート(本格的似始めたのは9月頃)  たまにゲーム以外の日常生活の記録をツイートします フォロバ99%いいねしてもフォローだゾ,599,538,2021,2689
436,1052468121020166146,DHZqoqfxWXlsrQy,,2131,101,2402,41122
437,746332298098814976,matchan_tix,数学とミリオンダウト,1335,807,6647,27487
438,1172587609291276288,zZrCm6EuKUKa5MU,訳あって3000万をドブに捨てたアライさんなのだ。返すあては無いが返済義務も無いので首の皮1枚繋がっているのだ。ヘッダーは@iikoninarunodaに描いていただいたのだ！すごいのだ！現在求職中なのだ！首吊り自殺未遂済みなのだ！ amazonリスト貼ってるのだ！ RT多いので嫌な人はブロックミュートお願いするのだ！,677,436,6829,12195
439,1190478953460322304,DuL2f,旅行×写真 現在東北大学の3年生で、医療系の勉強してます。旅行が好きで旅行用のアカウント作ってしまいました。旅は普通の日常にワクワクを準備してくれます。旅行記書いてます。,241,98,56,109
440,3012603158,K_neetest,Japanese Football Geek🇯🇵⚽️ 教育学と言語に少し強い英国かぶれ。2018年SFC解脱。2019プラチャレ達成。旅行記はブログ、言語学習はnoteにまとめます。,143,394,6679,1187
441,3096472088,NEMOTEAMAT,スラヴ語の人。アイコンは @Qanbry ちゃんから！,1664,1933,55126,133707
442,2462549520,JPNatArchives,国立公文書館の公式アカウントです。 ここでは、館の業務・活動、所蔵資料等を情報発信することにより、館の利用者に更に館の理解を深めていただくとともに、利用者の利便性を高めることを目的としています。運用方針はこちら→https://t.co/bLTfql3cs0,21,47096,5051,0
443,762538434044899328,kaori_hoshimoto,Irixlens official photographer📷 https://t.co/XwqrNaFAHG FB Kaori Hoshimoto,16,48,248,191
444,2212382094,photo_okina,日常の中で心が揺れ動いた瞬間を撮っています/福井/Fujifilm X-pro3,246,2690,7931,12095
445,2280620286,GominoKas,物理的に,1918,1874,27369,32988
446,1181599518065717248,Jwx0ID8LQES4Fsz,東大　1年,191,404,179,99
447,1007467391071088640,defineprogram,"TK0x48生（0x0e歳） / AtCoder青 / こどふぉ青 / Paken中学部長 / Iパス / 暗算九段
JOI2020 予選全完
ホームページ見てね〜
裏垢→@anmichi_sub
表垢→@anmichi_
フォロー必須→@vane11ope",740,517,14359,34473
448,799557429998604288,veg_arith,京都大学のヴァイオレット・エヴァーガーデン／#spm20th 微分幾何班／#spm21st 京アニ鑑賞班,536,783,11080,24215
449,1080105324986523654,sentakuisan,原点回帰なのだ 懐かしいのだ...,3666,1810,37329,110354
450,0,1,2,3,4,5,6
